{
    "parent": "block/block",
    "gui_light": "front",
    "textures": {
        "0": "item/treasure_items/13",
		"particle": "item/treasure_items/13"
    },
    "elements": [
		{
			"from": [7, 14, 7],
			"to": [9, 16, 9],
			"rotation": {"angle": 0, "axis": "y", "origin": [0, 3, 0]},
			"faces": {
				"north": {"uv": [9, 12.5, 10, 13], "texture": "#0"},
				"east": {"uv": [13, 6, 14, 6.5], "texture": "#0"},
				"south": {"uv": [13, 6.5, 14, 7], "texture": "#0"},
				"west": {"uv": [13, 7, 14, 7.5], "texture": "#0"},
				"up": {"uv": [7, 12.5, 6, 11.5], "texture": "#0"},
				"down": {"uv": [8, 11.5, 7, 12.5], "texture": "#0"}
			}
		},
		{
			"from": [2, 15, 2],
			"to": [14, 15, 14],
			"rotation": {"angle": 0, "axis": "y", "origin": [0, 3, 0]},
			"faces": {
				"north": {"uv": [0, 0, 6, 0], "texture": "#0"},
				"east": {"uv": [0, 0, 6, 0], "texture": "#0"},
				"south": {"uv": [0, 0, 6, 0], "texture": "#0"},
				"west": {"uv": [0, 0, 6, 0], "texture": "#0"},
				"up": {"uv": [6, 6, 0, 0], "texture": "#0"},
				"down": {"uv": [6, 6, 0, 12], "texture": "#0"}
			}
		},
		{
			"from": [5, 13, 5],
			"to": [11, 14, 11],
			"rotation": {"angle": 0, "axis": "x", "origin": [0, 3, 0]},
			"faces": {
				"north": {"uv": [10, 8, 13, 8.5], "texture": "#0"},
				"east": {"uv": [10, 8.5, 13, 9], "texture": "#0"},
				"south": {"uv": [11, 2, 14, 2.5], "texture": "#0"},
				"west": {"uv": [11, 2.5, 14, 3], "texture": "#0"},
				"up": {"uv": [9, 3, 6, 0], "texture": "#0"},
				"down": {"uv": [9, 3, 6, 6], "texture": "#0"}
			}
		},
		{
			"from": [13.80327, 10.46871, 7],
			"to": [15.80327, 11.46871, 9],
			"rotation": {"angle": -45, "axis": "z", "origin": [15, 11, 8]},
			"faces": {
				"north": {"uv": [11, 5, 14, 5.5], "texture": "#0"},
				"east": {"uv": [4, 12, 6, 12.5], "texture": "#0"},
				"south": {"uv": [11, 5.5, 14, 6], "texture": "#0"},
				"west": {"uv": [8, 12, 10, 12.5], "texture": "#0"},
				"up": {"uv": [9, 11, 6, 9], "texture": "#0"},
				"down": {"uv": [12, 9, 9, 11], "texture": "#0"}
			}
		},
		{
			"from": [14.70335, 9.89448, 7.5],
			"to": [15.70335, 11.14448, 8.5],
			"rotation": {"angle": 22.5, "axis": "z", "origin": [17, 11, 8]},
			"faces": {
				"north": {"uv": [11, 5, 14, 5.5], "rotation": 270, "texture": "#0"},
				"east": {"uv": [9, 11, 6, 9], "rotation": 90, "texture": "#0"},
				"south": {"uv": [11, 5.5, 14, 6], "rotation": 90, "texture": "#0"},
				"west": {"uv": [12, 9, 9, 11], "rotation": 90, "texture": "#0"},
				"up": {"uv": [8, 12, 10, 12.5], "rotation": 90, "texture": "#0"},
				"down": {"uv": [4, 12, 6, 12.5], "rotation": 90, "texture": "#0"}
			}
		},
		{
			"from": [6, 16, 6],
			"to": [10, 17, 10],
			"rotation": {"angle": -22.5, "axis": "z", "origin": [0, 3, 0]},
			"faces": {
				"north": {"uv": [11, 5, 14, 5.5], "texture": "#0"},
				"east": {"uv": [4, 12, 6, 12.5], "texture": "#0"},
				"south": {"uv": [11, 5.5, 14, 6], "texture": "#0"},
				"west": {"uv": [8, 12, 10, 12.5], "texture": "#0"},
				"up": {"uv": [9, 11, 6, 9], "texture": "#0"},
				"down": {"uv": [12, 9, 9, 11], "texture": "#0"}
			}
		},
		{
			"from": [7, 8, 6],
			"to": [11, 9, 10],
			"rotation": {"angle": 22.5, "axis": "z", "origin": [-4, -3, 0]},
			"faces": {
				"north": {"uv": [6, 11, 9, 11.5], "texture": "#0"},
				"east": {"uv": [12, 9, 14, 9.5], "texture": "#0"},
				"south": {"uv": [9, 11, 12, 11.5], "texture": "#0"},
				"west": {"uv": [12, 9.5, 14, 10], "texture": "#0"},
				"up": {"uv": [13, 8, 10, 6], "texture": "#0"},
				"down": {"uv": [14, 0, 11, 2], "texture": "#0"}
			}
		},
		{
			"from": [8.8, 2.8, 7],
			"to": [10.8, 3.8, 9],
			"rotation": {"angle": 45, "axis": "z", "origin": [-4, -3, 0]},
			"faces": {
				"north": {"uv": [6, 11, 9, 11.5], "texture": "#0"},
				"east": {"uv": [12, 9, 14, 9.5], "texture": "#0"},
				"south": {"uv": [9, 11, 12, 11.5], "texture": "#0"},
				"west": {"uv": [12, 9.5, 14, 10], "texture": "#0"},
				"up": {"uv": [13, 8, 10, 6], "texture": "#0"},
				"down": {"uv": [14, 0, 11, 2], "texture": "#0"}
			}
		},
		{
			"from": [-6, 9.5, 7.5],
			"to": [-5, 11, 8.6],
			"rotation": {"angle": -22.5, "axis": "z", "origin": [-3, -5, 0]},
			"faces": {
				"north": {"uv": [6, 11, 9, 11.5], "rotation": 90, "texture": "#0"},
				"east": {"uv": [14, 0, 11, 2], "rotation": 270, "texture": "#0"},
				"south": {"uv": [9, 11, 12, 11.5], "rotation": 270, "texture": "#0"},
				"west": {"uv": [13, 8, 10, 6], "rotation": 270, "texture": "#0"},
				"up": {"uv": [12, 9, 14, 9.5], "rotation": 270, "texture": "#0"},
				"down": {"uv": [12, 9.5, 14, 10], "rotation": 270, "texture": "#0"}
			}
		},
		{
			"from": [6, 14, -5],
			"to": [10, 18, -4],
			"rotation": {"angle": 45, "axis": "x", "origin": [0, 4, -5]},
			"faces": {
				"north": {"uv": [11, 3, 9, 0], "rotation": 180, "texture": "#0"},
				"east": {"uv": [11, 4, 14, 4.5], "rotation": 90, "texture": "#0"},
				"south": {"uv": [11, 3, 9, 6], "texture": "#0"},
				"west": {"uv": [11, 4.5, 14, 5], "rotation": 270, "texture": "#0"},
				"up": {"uv": [2, 12, 4, 12.5], "texture": "#0"},
				"down": {"uv": [0, 12, 2, 12.5], "rotation": 180, "texture": "#0"}
			}
		},
		{
			"from": [7, 8, 4],
			"to": [9, 9, 6],
			"rotation": {"angle": -22.5, "axis": "x", "origin": [0, 2, -2]},
			"faces": {
				"north": {"uv": [0, 12, 2, 12.5], "texture": "#0"},
				"east": {"uv": [11, 4, 14, 4.5], "texture": "#0"},
				"south": {"uv": [2, 12, 4, 12.5], "texture": "#0"},
				"west": {"uv": [11, 4.5, 14, 5], "texture": "#0"},
				"up": {"uv": [11, 3, 9, 0], "texture": "#0"},
				"down": {"uv": [11, 3, 9, 6], "texture": "#0"}
			}
		},
		{
			"from": [7.5, 8.7, -0.2],
			"to": [8.4, 9.7, 1],
			"rotation": {"angle": -45, "axis": "x", "origin": [8, 10, 0]},
			"faces": {
				"north": {"uv": [0, 12, 2, 12.5], "texture": "#0"},
				"east": {"uv": [11, 4, 14, 4.5], "texture": "#0"},
				"south": {"uv": [2, 12, 4, 12.5], "texture": "#0"},
				"west": {"uv": [11, 4.5, 14, 5], "texture": "#0"},
				"up": {"uv": [11, 3, 9, 0], "texture": "#0"},
				"down": {"uv": [11, 3, 9, 6], "texture": "#0"}
			}
		},
		{
			"from": [6, 16, 6],
			"to": [10, 17, 10],
			"rotation": {"angle": 22.5, "axis": "x", "origin": [0, 3, 0]},
			"faces": {
				"north": {"uv": [8, 11.5, 10, 12], "texture": "#0"},
				"east": {"uv": [11, 3, 14, 3.5], "texture": "#0"},
				"south": {"uv": [10, 11.5, 12, 12], "texture": "#0"},
				"west": {"uv": [11, 3.5, 14, 4], "texture": "#0"},
				"up": {"uv": [8, 9, 6, 6], "texture": "#0"},
				"down": {"uv": [10, 6, 8, 9], "texture": "#0"}
			}
		},
		{
			"from": [7, 10.36871, 13.95327],
			"to": [9, 11.36871, 15.95327],
			"rotation": {"angle": 45, "axis": "x", "origin": [8, 11, 15]},
			"faces": {
				"north": {"uv": [8, 11.5, 10, 12], "texture": "#0"},
				"east": {"uv": [11, 3, 14, 3.5], "texture": "#0"},
				"south": {"uv": [10, 11.5, 12, 12], "texture": "#0"},
				"west": {"uv": [11, 3.5, 14, 4], "texture": "#0"},
				"up": {"uv": [8, 9, 6, 6], "texture": "#0"},
				"down": {"uv": [10, 6, 8, 9], "texture": "#0"}
			}
		},
		{
			"from": [7.5, 9.00762, 14.89088],
			"to": [8.5, 10.25762, 15.89088],
			"rotation": {"angle": -22.5, "axis": "x", "origin": [8, 10, 15.75]},
			"faces": {
				"north": {"uv": [10, 6, 8, 9], "rotation": 180, "texture": "#0"},
				"east": {"uv": [11, 3, 14, 3.5], "rotation": 270, "texture": "#0"},
				"south": {"uv": [8, 9, 6, 6], "texture": "#0"},
				"west": {"uv": [11, 3.5, 14, 4], "rotation": 90, "texture": "#0"},
				"up": {"uv": [8, 11.5, 10, 12], "rotation": 180, "texture": "#0"},
				"down": {"uv": [10, 11.5, 12, 12], "texture": "#0"}
			}
		},
		{
			"from": [7, 11, 7],
			"to": [9, 13, 9],
			"rotation": {"angle": 0, "axis": "y", "origin": [0, 3, 0]},
			"faces": {
				"north": {"uv": [10, 12, 11, 13], "texture": "#0"},
				"east": {"uv": [12, 10, 13, 11], "texture": "#0"},
				"south": {"uv": [11, 12, 12, 13], "texture": "#0"},
				"west": {"uv": [12, 11, 13, 12], "texture": "#0"},
				"up": {"uv": [13, 13, 12, 12], "texture": "#0"},
				"down": {"uv": [1, 12.5, 0, 13.5], "texture": "#0"}
			}
		},
		{
			"from": [10, 11.3, 9],
			"to": [10.8, 13, 9],
			"rotation": {"angle": 45, "axis": "y", "origin": [11, 12, 11]},
			"faces": {
				"north": {"uv": [11, 12, 12, 13], "texture": "#0"},
				"east": {"uv": [12, 11, 13, 12], "texture": "#0"},
				"south": {"uv": [10, 12, 11, 13], "texture": "#0"},
				"west": {"uv": [12, 10, 13, 11], "texture": "#0"},
				"up": {"uv": [13, 13, 12, 12], "rotation": 180, "texture": "#0"},
				"down": {"uv": [1, 12.5, 0, 13.5], "rotation": 180, "texture": "#0"}
			}
		},
		{
			"from": [11.6, 10.2, 9],
			"to": [12, 13, 9],
			"rotation": {"angle": 45, "axis": "y", "origin": [11, 12, 11]},
			"faces": {
				"north": {"uv": [11, 12, 12, 13], "texture": "#0"},
				"east": {"uv": [12, 11, 13, 12], "texture": "#0"},
				"south": {"uv": [10, 12, 11, 13], "texture": "#0"},
				"west": {"uv": [12, 10, 13, 11], "texture": "#0"},
				"up": {"uv": [13, 13, 12, 12], "rotation": 180, "texture": "#0"},
				"down": {"uv": [1, 12.5, 0, 13.5], "rotation": 180, "texture": "#0"}
			}
		},
		{
			"from": [10.8, 11.6, 9],
			"to": [11.6, 13, 9],
			"rotation": {"angle": 45, "axis": "y", "origin": [11, 12, 11]},
			"faces": {
				"north": {"uv": [11, 12, 12, 13], "texture": "#0"},
				"east": {"uv": [12, 11, 13, 12], "texture": "#0"},
				"south": {"uv": [10, 12, 11, 13], "texture": "#0"},
				"west": {"uv": [12, 10, 13, 11], "texture": "#0"},
				"up": {"uv": [13, 13, 12, 12], "rotation": 180, "texture": "#0"},
				"down": {"uv": [1, 12.5, 0, 13.5], "rotation": 180, "texture": "#0"}
			}
		},
		{
			"from": [10, 11, 4.5],
			"to": [12, 13, 4.5],
			"rotation": {"angle": 45, "axis": "y", "origin": [11, 12, 11]},
			"faces": {
				"north": {"uv": [11, 12, 12, 13], "texture": "#0"},
				"east": {"uv": [12, 11, 13, 12], "texture": "#0"},
				"south": {"uv": [10, 12, 11, 13], "texture": "#0"},
				"west": {"uv": [12, 10, 13, 11], "texture": "#0"},
				"up": {"uv": [13, 13, 12, 12], "rotation": 180, "texture": "#0"},
				"down": {"uv": [1, 12.5, 0, 13.5], "rotation": 180, "texture": "#0"}
			}
		},
		{
			"from": [6.05025, 10.3, 8.87132],
			"to": [6.05025, 13, 9.47132],
			"rotation": {"angle": 45, "axis": "y", "origin": [6, 12, 9]},
			"faces": {
				"north": {"uv": [12, 10, 13, 11], "texture": "#0"},
				"east": {"uv": [11, 12, 12, 13], "texture": "#0"},
				"south": {"uv": [12, 11, 13, 12], "texture": "#0"},
				"west": {"uv": [10, 12, 11, 13], "texture": "#0"},
				"up": {"uv": [13, 13, 12, 12], "rotation": 270, "texture": "#0"},
				"down": {"uv": [1, 12.5, 0, 13.5], "rotation": 90, "texture": "#0"}
			}
		},
		{
			"from": [6.05025, 11.3, 10.27132],
			"to": [6.05025, 13, 10.87132],
			"rotation": {"angle": 45, "axis": "y", "origin": [6, 12, 9]},
			"faces": {
				"north": {"uv": [12, 10, 13, 11], "texture": "#0"},
				"east": {"uv": [11, 12, 12, 13], "texture": "#0"},
				"south": {"uv": [12, 11, 13, 12], "texture": "#0"},
				"west": {"uv": [10, 12, 11, 13], "texture": "#0"},
				"up": {"uv": [13, 13, 12, 12], "rotation": 270, "texture": "#0"},
				"down": {"uv": [1, 12.5, 0, 13.5], "rotation": 90, "texture": "#0"}
			}
		},
		{
			"from": [6.05025, 11.7, 9.47132],
			"to": [6.05025, 13, 10.27132],
			"rotation": {"angle": 45, "axis": "y", "origin": [6, 12, 9]},
			"faces": {
				"north": {"uv": [12, 10, 13, 11], "texture": "#0"},
				"east": {"uv": [11, 12, 12, 13], "texture": "#0"},
				"south": {"uv": [12, 11, 13, 12], "texture": "#0"},
				"west": {"uv": [10, 12, 11, 13], "texture": "#0"},
				"up": {"uv": [13, 13, 12, 12], "rotation": 270, "texture": "#0"},
				"down": {"uv": [1, 12.5, 0, 13.5], "rotation": 90, "texture": "#0"}
			}
		},
		{
			"from": [10.05025, 10.4, 10.27132],
			"to": [10.05025, 13, 10.87132],
			"rotation": {"angle": 45, "axis": "y", "origin": [6, 12, 9]},
			"faces": {
				"north": {"uv": [12, 10, 13, 11], "texture": "#0"},
				"east": {"uv": [11, 12, 12, 13], "texture": "#0"},
				"south": {"uv": [12, 11, 13, 12], "texture": "#0"},
				"west": {"uv": [10, 12, 11, 13], "texture": "#0"},
				"up": {"uv": [13, 13, 12, 12], "rotation": 270, "texture": "#0"},
				"down": {"uv": [1, 12.5, 0, 13.5], "rotation": 90, "texture": "#0"}
			}
		},
		{
			"from": [10.05025, 10.8, 8.87132],
			"to": [10.05025, 13, 9.67132],
			"rotation": {"angle": 45, "axis": "y", "origin": [6, 12, 9]},
			"faces": {
				"north": {"uv": [12, 10, 13, 11], "texture": "#0"},
				"east": {"uv": [11, 12, 12, 13], "texture": "#0"},
				"south": {"uv": [12, 11, 13, 12], "texture": "#0"},
				"west": {"uv": [10, 12, 11, 13], "texture": "#0"},
				"up": {"uv": [13, 13, 12, 12], "rotation": 270, "texture": "#0"},
				"down": {"uv": [1, 12.5, 0, 13.5], "rotation": 90, "texture": "#0"}
			}
		},
		{
			"from": [10.05025, 11.5, 9.67132],
			"to": [10.05025, 13, 10.27132],
			"rotation": {"angle": 45, "axis": "y", "origin": [6, 12, 9]},
			"faces": {
				"north": {"uv": [12, 10, 13, 11], "texture": "#0"},
				"east": {"uv": [11, 12, 12, 13], "texture": "#0"},
				"south": {"uv": [12, 11, 13, 12], "texture": "#0"},
				"west": {"uv": [10, 12, 11, 13], "texture": "#0"},
				"up": {"uv": [13, 13, 12, 12], "rotation": 270, "texture": "#0"},
				"down": {"uv": [1, 12.5, 0, 13.5], "rotation": 90, "texture": "#0"}
			}
		},
		{
			"from": [7.6, 3.1, 10.4],
			"to": [8.5, 7, 11],
			"rotation": {"angle": -22.5, "axis": "x", "origin": [-2, 5, -1]},
			"faces": {
				"north": {"uv": [1, 12.5, 1.5, 14.5], "texture": "#0"},
				"east": {"uv": [1.5, 12.5, 2, 14.5], "texture": "#0"},
				"south": {"uv": [2, 12.5, 2.5, 14.5], "texture": "#0"},
				"west": {"uv": [2.5, 12.5, 3, 14.5], "texture": "#0"},
				"up": {"uv": [13.5, 8, 13, 7.5], "texture": "#0"},
				"down": {"uv": [13.5, 8, 13, 8.5], "texture": "#0"}
			}
		},
		{
			"from": [7.6, 10.8, 4.4],
			"to": [8.5, 14, 5],
			"rotation": {"angle": 22.5, "axis": "x", "origin": [-4, 7, -1]},
			"faces": {
				"north": {"uv": [3, 12.5, 3.5, 14.5], "texture": "#0"},
				"east": {"uv": [3.5, 12.5, 4, 14.5], "texture": "#0"},
				"south": {"uv": [4, 12.5, 4.5, 14.5], "texture": "#0"},
				"west": {"uv": [4.5, 12.5, 5, 14.5], "texture": "#0"},
				"up": {"uv": [13.5, 9, 13, 8.5], "texture": "#0"},
				"down": {"uv": [9.5, 13, 9, 13.5], "texture": "#0"}
			}
		},
		{
			"from": [9.8, 1.2, 7.7],
			"to": [10.6, 6, 8.3],
			"rotation": {"angle": 22.5, "axis": "z", "origin": [-4, 5, -2]},
			"faces": {
				"north": {"uv": [5, 12.5, 5.5, 14.5], "texture": "#0"},
				"east": {"uv": [5.5, 12.5, 6, 14.5], "texture": "#0"},
				"south": {"uv": [6, 12.5, 6.5, 14.5], "texture": "#0"},
				"west": {"uv": [6.5, 12.5, 7, 14.5], "texture": "#0"},
				"up": {"uv": [10, 13.5, 9.5, 13], "texture": "#0"},
				"down": {"uv": [10.5, 13, 10, 13.5], "texture": "#0"}
			}
		},
		{
			"from": [3.9, 11.1, 7.7],
			"to": [4.7, 15, 8.3],
			"rotation": {"angle": -22.5, "axis": "z", "origin": [-4, 6, -2]},
			"faces": {
				"north": {"uv": [7, 12.5, 7.5, 14.5], "texture": "#0"},
				"east": {"uv": [7.5, 12.5, 8, 14.5], "texture": "#0"},
				"south": {"uv": [8, 12.5, 8.5, 14.5], "texture": "#0"},
				"west": {"uv": [8.5, 12.5, 9, 14.5], "texture": "#0"},
				"up": {"uv": [13.5, 10.5, 13, 10], "texture": "#0"},
				"down": {"uv": [11, 13, 10.5, 13.5], "texture": "#0"}
			}
		},
		{
			"from": [5.2, 6.8, 7.6],
			"to": [6, 7.5, 8.3],
			"faces": {
				"north": {"uv": [0, 0, 0.4, 0.35], "texture": "#0"},
				"east": {"uv": [0, 0, 0.35, 0.35], "texture": "#0"},
				"south": {"uv": [0, 0, 0.4, 0.35], "texture": "#0"},
				"west": {"uv": [0, 0, 0.35, 0.35], "texture": "#0"},
				"up": {"uv": [0, 0, 0.4, 0.35], "texture": "#0"},
				"down": {"uv": [0, 0, 0.4, 0.35], "texture": "#0"}
			}
		},
		{
			"from": [10.1, 6.4, 7.6],
			"to": [10.9, 7.1, 8.3],
			"faces": {
				"north": {"uv": [0, 0, 0.4, 0.35], "texture": "#0"},
				"east": {"uv": [0, 0, 0.35, 0.35], "texture": "#0"},
				"south": {"uv": [0, 0, 0.4, 0.35], "texture": "#0"},
				"west": {"uv": [0, 0, 0.35, 0.35], "texture": "#0"},
				"up": {"uv": [0, 0, 0.4, 0.35], "texture": "#0"},
				"down": {"uv": [0, 0, 0.4, 0.35], "texture": "#0"}
			}
		},
		{
			"from": [7.7, 7.1, 10.2],
			"to": [8.5, 7.8, 10.9],
			"faces": {
				"north": {"uv": [0, 0, 0.4, 0.35], "texture": "#0"},
				"east": {"uv": [0, 0, 0.35, 0.35], "texture": "#0"},
				"south": {"uv": [0, 0, 0.4, 0.35], "texture": "#0"},
				"west": {"uv": [0, 0, 0.35, 0.35], "texture": "#0"},
				"up": {"uv": [0, 0, 0.4, 0.35], "texture": "#0"},
				"down": {"uv": [0, 0, 0.4, 0.35], "texture": "#0"}
			}
		},
		{
			"from": [7.6, 7.7, 5.4],
			"to": [8.4, 8.4, 6.1],
			"faces": {
				"north": {"uv": [0, 0, 0.4, 0.35], "texture": "#0"},
				"east": {"uv": [0, 0, 0.35, 0.35], "texture": "#0"},
				"south": {"uv": [0, 0, 0.4, 0.35], "texture": "#0"},
				"west": {"uv": [0, 0, 0.35, 0.35], "texture": "#0"},
				"up": {"uv": [0, 0, 0.4, 0.35], "texture": "#0"},
				"down": {"uv": [0, 0, 0.4, 0.35], "texture": "#0"}
			}
		}
	]
}
