{
	"textures": {
		"0": "item/treasure_items/13",
		"particle": "item/treasure_items/13"
	},
	"elements": [
		{
			"from": [7, 8, 7],
			"to": [9, 10, 9],
			"rotation": {"angle": 0, "axis": "y", "origin": [0, -3, 0]},
			"faces": {
				"north": {"uv": [9, 12.5, 10, 13], "texture": "#0"},
				"east": {"uv": [13, 6, 14, 6.5], "texture": "#0"},
				"south": {"uv": [13, 6.5, 14, 7], "texture": "#0"},
				"west": {"uv": [13, 7, 14, 7.5], "texture": "#0"},
				"up": {"uv": [7, 12.5, 6, 11.5], "texture": "#0"},
				"down": {"uv": [8, 11.5, 7, 12.5], "texture": "#0"}
			}
		},
		{
			"from": [2, 9, 2],
			"to": [14, 9, 14],
			"rotation": {"angle": 0, "axis": "y", "origin": [0, -3, 0]},
			"faces": {
				"north": {"uv": [0, 0, 6, 0], "texture": "#0"},
				"east": {"uv": [0, 0, 6, 0], "texture": "#0"},
				"south": {"uv": [0, 0, 6, 0], "texture": "#0"},
				"west": {"uv": [0, 0, 6, 0], "texture": "#0"},
				"up": {"uv": [6, 6, 0, 0], "texture": "#0"},
				"down": {"uv": [6, 6, 0, 12], "texture": "#0"}
			}
		},
		{
			"from": [5, 7, 5],
			"to": [11, 8, 11],
			"rotation": {"angle": 0, "axis": "x", "origin": [0, -3, 0]},
			"faces": {
				"north": {"uv": [10, 8, 13, 8.5], "texture": "#0"},
				"east": {"uv": [10, 8.5, 13, 9], "texture": "#0"},
				"south": {"uv": [11, 2, 14, 2.5], "texture": "#0"},
				"west": {"uv": [11, 2.5, 14, 3], "texture": "#0"},
				"up": {"uv": [9, 3, 6, 0], "texture": "#0"},
				"down": {"uv": [9, 3, 6, 6], "texture": "#0"}
			}
		},
		{
			"from": [10, 10, 7],
			"to": [12, 11, 9],
			"rotation": {"angle": -22.5, "axis": "z", "origin": [0, -3, 0]},
			"faces": {
				"north": {"uv": [11, 5, 14, 5.5], "texture": "#0"},
				"east": {"uv": [4, 12, 6, 12.5], "texture": "#0"},
				"south": {"uv": [11, 5.5, 14, 6], "texture": "#0"},
				"west": {"uv": [8, 12, 10, 12.5], "texture": "#0"},
				"up": {"uv": [9, 11, 6, 9], "texture": "#0"},
				"down": {"uv": [12, 9, 9, 11], "texture": "#0"}
			}
		},
		{
			"from": [12, 10, 7.5],
			"to": [13.25, 11, 8.5],
			"rotation": {"angle": -22.5, "axis": "z", "origin": [0, -3, 0]},
			"faces": {
				"north": {"uv": [11, 5, 14, 5.5], "texture": "#0"},
				"east": {"uv": [4, 12, 6, 12.5], "texture": "#0"},
				"south": {"uv": [11, 5.5, 14, 6], "texture": "#0"},
				"west": {"uv": [8, 12, 10, 12.5], "texture": "#0"},
				"up": {"uv": [9, 11, 6, 9], "texture": "#0"},
				"down": {"uv": [12, 9, 9, 11], "texture": "#0"}
			}
		},
		{
			"from": [6, 10, 6],
			"to": [10, 11, 10],
			"rotation": {"angle": -22.5, "axis": "z", "origin": [0, -3, 0]},
			"faces": {
				"north": {"uv": [11, 5, 14, 5.5], "texture": "#0"},
				"east": {"uv": [4, 12, 6, 12.5], "texture": "#0"},
				"south": {"uv": [11, 5.5, 14, 6], "texture": "#0"},
				"west": {"uv": [8, 12, 10, 12.5], "texture": "#0"},
				"up": {"uv": [9, 11, 6, 9], "texture": "#0"},
				"down": {"uv": [12, 9, 9, 11], "texture": "#0"}
			}
		},
		{
			"from": [7, 2, 6],
			"to": [11, 3, 10],
			"rotation": {"angle": 22.5, "axis": "z", "origin": [-4, -9, 0]},
			"faces": {
				"north": {"uv": [6, 11, 9, 11.5], "texture": "#0"},
				"east": {"uv": [12, 9, 14, 9.5], "texture": "#0"},
				"south": {"uv": [9, 11, 12, 11.5], "texture": "#0"},
				"west": {"uv": [12, 9.5, 14, 10], "texture": "#0"},
				"up": {"uv": [13, 8, 10, 6], "texture": "#0"},
				"down": {"uv": [14, 0, 11, 2], "texture": "#0"}
			}
		},
		{
			"from": [5, 2, 7],
			"to": [7, 3, 9],
			"rotation": {"angle": 22.5, "axis": "z", "origin": [-4, -9, 0]},
			"faces": {
				"north": {"uv": [6, 11, 9, 11.5], "texture": "#0"},
				"east": {"uv": [12, 9, 14, 9.5], "texture": "#0"},
				"south": {"uv": [9, 11, 12, 11.5], "texture": "#0"},
				"west": {"uv": [12, 9.5, 14, 10], "texture": "#0"},
				"up": {"uv": [13, 8, 10, 6], "texture": "#0"},
				"down": {"uv": [14, 0, 11, 2], "texture": "#0"}
			}
		},
		{
			"from": [3.5, 2, 7.5],
			"to": [5, 3, 8.6],
			"rotation": {"angle": 22.5, "axis": "z", "origin": [-4, -9, 0]},
			"faces": {
				"north": {"uv": [6, 11, 9, 11.5], "texture": "#0"},
				"east": {"uv": [12, 9, 14, 9.5], "texture": "#0"},
				"south": {"uv": [9, 11, 12, 11.5], "texture": "#0"},
				"west": {"uv": [12, 9.5, 14, 10], "texture": "#0"},
				"up": {"uv": [13, 8, 10, 6], "texture": "#0"},
				"down": {"uv": [14, 0, 11, 2], "texture": "#0"}
			}
		},
		{
			"from": [6, 3, 5],
			"to": [10, 4, 9],
			"rotation": {"angle": -22.5, "axis": "x", "origin": [0, -4, -2]},
			"faces": {
				"north": {"uv": [0, 12, 2, 12.5], "texture": "#0"},
				"east": {"uv": [11, 4, 14, 4.5], "texture": "#0"},
				"south": {"uv": [2, 12, 4, 12.5], "texture": "#0"},
				"west": {"uv": [11, 4.5, 14, 5], "texture": "#0"},
				"up": {"uv": [11, 3, 9, 0], "texture": "#0"},
				"down": {"uv": [11, 3, 9, 6], "texture": "#0"}
			}
		},
		{
			"from": [7, 3, 3],
			"to": [9, 4, 5],
			"rotation": {"angle": -22.5, "axis": "x", "origin": [0, -4, -2]},
			"faces": {
				"north": {"uv": [0, 12, 2, 12.5], "texture": "#0"},
				"east": {"uv": [11, 4, 14, 4.5], "texture": "#0"},
				"south": {"uv": [2, 12, 4, 12.5], "texture": "#0"},
				"west": {"uv": [11, 4.5, 14, 5], "texture": "#0"},
				"up": {"uv": [11, 3, 9, 0], "texture": "#0"},
				"down": {"uv": [11, 3, 9, 6], "texture": "#0"}
			}
		},
		{
			"from": [7.5, 3, 1.8],
			"to": [8.4, 4, 3],
			"rotation": {"angle": -22.5, "axis": "x", "origin": [0, -4, -2]},
			"faces": {
				"north": {"uv": [0, 12, 2, 12.5], "texture": "#0"},
				"east": {"uv": [11, 4, 14, 4.5], "texture": "#0"},
				"south": {"uv": [2, 12, 4, 12.5], "texture": "#0"},
				"west": {"uv": [11, 4.5, 14, 5], "texture": "#0"},
				"up": {"uv": [11, 3, 9, 0], "texture": "#0"},
				"down": {"uv": [11, 3, 9, 6], "texture": "#0"}
			}
		},
		{
			"from": [6, 10, 6],
			"to": [10, 11, 10],
			"rotation": {"angle": 22.5, "axis": "x", "origin": [0, -3, 0]},
			"faces": {
				"north": {"uv": [8, 11.5, 10, 12], "texture": "#0"},
				"east": {"uv": [11, 3, 14, 3.5], "texture": "#0"},
				"south": {"uv": [10, 11.5, 12, 12], "texture": "#0"},
				"west": {"uv": [11, 3.5, 14, 4], "texture": "#0"},
				"up": {"uv": [8, 9, 6, 6], "texture": "#0"},
				"down": {"uv": [10, 6, 8, 9], "texture": "#0"}
			}
		},
		{
			"from": [7, 10, 10],
			"to": [9, 11, 12],
			"rotation": {"angle": 22.5, "axis": "x", "origin": [0, -3, 0]},
			"faces": {
				"north": {"uv": [8, 11.5, 10, 12], "texture": "#0"},
				"east": {"uv": [11, 3, 14, 3.5], "texture": "#0"},
				"south": {"uv": [10, 11.5, 12, 12], "texture": "#0"},
				"west": {"uv": [11, 3.5, 14, 4], "texture": "#0"},
				"up": {"uv": [8, 9, 6, 6], "texture": "#0"},
				"down": {"uv": [10, 6, 8, 9], "texture": "#0"}
			}
		},
		{
			"from": [7.5, 10, 12],
			"to": [8.5, 11, 13.25],
			"rotation": {"angle": 22.5, "axis": "x", "origin": [0, -3, 0]},
			"faces": {
				"north": {"uv": [8, 11.5, 10, 12], "texture": "#0"},
				"east": {"uv": [11, 3, 14, 3.5], "texture": "#0"},
				"south": {"uv": [10, 11.5, 12, 12], "texture": "#0"},
				"west": {"uv": [11, 3.5, 14, 4], "texture": "#0"},
				"up": {"uv": [8, 9, 6, 6], "texture": "#0"},
				"down": {"uv": [10, 6, 8, 9], "texture": "#0"}
			}
		},
		{
			"from": [7, 5, 7],
			"to": [9, 7, 9],
			"rotation": {"angle": 0, "axis": "y", "origin": [0, -3, 0]},
			"faces": {
				"north": {"uv": [10, 12, 11, 13], "texture": "#0"},
				"east": {"uv": [12, 10, 13, 11], "texture": "#0"},
				"south": {"uv": [11, 12, 12, 13], "texture": "#0"},
				"west": {"uv": [12, 11, 13, 12], "texture": "#0"},
				"up": {"uv": [13, 13, 12, 12], "texture": "#0"},
				"down": {"uv": [1, 12.5, 0, 13.5], "texture": "#0"}
			}
		},
		{
			"from": [7.6, -2.9, 10.4],
			"to": [8.5, 1, 11],
			"rotation": {"angle": -22.5, "axis": "x", "origin": [-2, -1, -1]},
			"faces": {
				"north": {"uv": [1, 12.5, 1.5, 14.5], "texture": "#0"},
				"east": {"uv": [1.5, 12.5, 2, 14.5], "texture": "#0"},
				"south": {"uv": [2, 12.5, 2.5, 14.5], "texture": "#0"},
				"west": {"uv": [2.5, 12.5, 3, 14.5], "texture": "#0"},
				"up": {"uv": [13.5, 8, 13, 7.5], "texture": "#0"},
				"down": {"uv": [13.5, 8, 13, 8.5], "texture": "#0"}
			}
		},
		{
			"from": [7.6, 4.1, 4.4],
			"to": [8.5, 8, 5],
			"rotation": {"angle": 22.5, "axis": "x", "origin": [-4, 1, -1]},
			"faces": {
				"north": {"uv": [3, 12.5, 3.5, 14.5], "texture": "#0"},
				"east": {"uv": [3.5, 12.5, 4, 14.5], "texture": "#0"},
				"south": {"uv": [4, 12.5, 4.5, 14.5], "texture": "#0"},
				"west": {"uv": [4.5, 12.5, 5, 14.5], "texture": "#0"},
				"up": {"uv": [13.5, 9, 13, 8.5], "texture": "#0"},
				"down": {"uv": [9.5, 13, 9, 13.5], "texture": "#0"}
			}
		},
		{
			"from": [9.8, -3.9, 7.7],
			"to": [10.6, 0, 8.3],
			"rotation": {"angle": 22.5, "axis": "z", "origin": [-4, -1, -2]},
			"faces": {
				"north": {"uv": [5, 12.5, 5.5, 14.5], "texture": "#0"},
				"east": {"uv": [5.5, 12.5, 6, 14.5], "texture": "#0"},
				"south": {"uv": [6, 12.5, 6.5, 14.5], "texture": "#0"},
				"west": {"uv": [6.5, 12.5, 7, 14.5], "texture": "#0"},
				"up": {"uv": [10, 13.5, 9.5, 13], "texture": "#0"},
				"down": {"uv": [10.5, 13, 10, 13.5], "texture": "#0"}
			}
		},
		{
			"from": [3.9, 5.1, 7.7],
			"to": [4.7, 9, 8.3],
			"rotation": {"angle": -22.5, "axis": "z", "origin": [-4, 0, -2]},
			"faces": {
				"north": {"uv": [7, 12.5, 7.5, 14.5], "texture": "#0"},
				"east": {"uv": [7.5, 12.5, 8, 14.5], "texture": "#0"},
				"south": {"uv": [8, 12.5, 8.5, 14.5], "texture": "#0"},
				"west": {"uv": [8.5, 12.5, 9, 14.5], "texture": "#0"},
				"up": {"uv": [13.5, 10.5, 13, 10], "texture": "#0"},
				"down": {"uv": [11, 13, 10.5, 13.5], "texture": "#0"}
			}
		}
	]
}