{
	"parent": "item/handheld",
	"textures": {
		"layer0": "item/enchanted_book"
	},
	"display": {
        "thirdperson_righthand": {
            "scale": [ 0.8, 0.8, 0.8 ]
        },
        "thirdperson_lefthand": {
            "scale": [ 0.8, 0.8, 0.8 ]
        },
        "firstperson_righthand": {
            "scale": [ 0.8, 0.8, 0.8 ]
        },
        "firstperson_lefthand": {
            "scale": [ 0.8, 0.8, 0.8 ]
        }
    },
	
	"overrides": [
		{"predicate": {"custom_model_data":100}, "model": "item/enchanted_book/100"},
		{"predicate": {"custom_model_data":101}, "model": "item/enchanted_book/101"},
		{"predicate": {"custom_model_data":102}, "model": "item/enchanted_book/102"},
		{"predicate": {"custom_model_data":103}, "model": "item/enchanted_book/103"},
		{"predicate": {"custom_model_data":104}, "model": "item/enchanted_book/104"},
		{"predicate": {"custom_model_data":105}, "model": "item/enchanted_book/105"},
		{"predicate": {"custom_model_data":106}, "model": "item/enchanted_book/106"},
		{"predicate": {"custom_model_data":107}, "model": "item/enchanted_book/107"},
		{"predicate": {"custom_model_data":108}, "model": "item/enchanted_book/108"}
	]
}