{
	"textures": {
	  "0": "item/enchanted_book/100001",
	  "particle":"item/enchanted_book/100001"
	},
	"elements": [
		{
			"from": [4, 1, 5],
			"to": [13, 15, 6],
			"faces": {
				"north": {"uv": [5.75, 0, 8, 3.5], "texture": "#0"},
				"east": {"uv": [6, 7, 6.25, 10.5], "texture": "#0"},
				"south": {"uv": [2.25, 6, 4.5, 9.5], "texture": "#0"},
				"west": {"uv": [6.25, 7, 6.5, 10.5], "texture": "#0"},
				"up": {"uv": [11, 4.25, 8.75, 4], "texture": "#0"},
				"down": {"uv": [11, 4.25, 8.75, 4.5], "texture": "#0"}
			}
		},
		{
			"from": [4, 1, 8],
			"to": [13, 15, 9],
			"faces": {
				"north": {"uv": [4.5, 3.5, 6.75, 7], "texture": "#0"},
				"east": {"uv": [5.5, 7, 5.75, 10.5], "texture": "#0"},
				"south": {"uv": [0, 5, 2.25, 8.5], "texture": "#0"},
				"west": {"uv": [5.75, 7, 6, 10.5], "texture": "#0"},
				"up": {"uv": [2.25, 8.75, 0, 8.5], "texture": "#0"},
				"down": {"uv": [2.25, 8.75, 0, 9], "texture": "#0"}
			}
		},
		{
			"from": [5, 2, 6],
			"to": [13, 14, 8],
			"faces": {
				"north": {"uv": [6.75, 3.5, 8.75, 6.5], "texture": "#0"},
				"east": {"uv": [4.5, 7, 5, 10], "texture": "#0"},
				"south": {"uv": [6.75, 6.5, 8.75, 9.5], "texture": "#0"},
				"west": {"uv": [5, 7, 5.5, 10], "texture": "#0"},
				"up": {"uv": [10, 2.5, 8, 2], "texture": "#0"},
				"down": {"uv": [10, 2.5, 8, 3], "texture": "#0"}
			}
		},
		{
			"from": [12, 1, 6],
			"to": [13, 2, 8],
			"faces": {
				"north": {"uv": [6.5, 7, 6.75, 7.25], "texture": "#0"},
				"east": {"uv": [0.75, 4.75, 1.25, 5], "texture": "#0"},
				"south": {"uv": [6.5, 7.25, 6.75, 7.5], "texture": "#0"},
				"west": {"uv": [5, 0, 5.5, 0.25], "texture": "#0"},
				"up": {"uv": [5.75, 1.75, 5.5, 1.25], "texture": "#0"},
				"down": {"uv": [2.5, 5.5, 2.25, 6], "texture": "#0"}
			}
		},
		{
			"from": [12, 14, 6],
			"to": [13, 15, 8],
			"faces": {
				"north": {"uv": [4, 5.75, 4.25, 6], "texture": "#0"},
				"east": {"uv": [4.5, 1.75, 5, 2], "texture": "#0"},
				"south": {"uv": [4.25, 5.75, 4.5, 6], "texture": "#0"},
				"west": {"uv": [0, 4.75, 0.5, 5], "texture": "#0"},
				"up": {"uv": [5.5, 3.5, 5.25, 3], "texture": "#0"},
				"down": {"uv": [5.75, 0.75, 5.5, 1.25], "texture": "#0"}
			}
		},
		{
			"from": [3, 7, 4],
			"to": [14, 9, 5],
			"faces": {
				"north": {"uv": [8, 1, 10.75, 1.5], "texture": "#0"},
				"east": {"uv": [4, 5, 4.25, 5.5], "texture": "#0"},
				"south": {"uv": [8, 1.5, 10.75, 2], "texture": "#0"},
				"west": {"uv": [5.25, 0.75, 5.5, 1.25], "texture": "#0"},
				"up": {"uv": [11.5, 3.75, 8.75, 3.5], "texture": "#0"},
				"down": {"uv": [11.5, 3.75, 8.75, 4], "texture": "#0"}
			}
		},
		{
			"from": [3, 7, 9],
			"to": [14, 9, 10],
			"faces": {
				"north": {"uv": [8, 0, 10.75, 0.5], "texture": "#0"},
				"east": {"uv": [3.5, 5, 3.75, 5.5], "texture": "#0"},
				"south": {"uv": [8, 0.5, 10.75, 1], "texture": "#0"},
				"west": {"uv": [3.75, 5, 4, 5.5], "texture": "#0"},
				"up": {"uv": [10.75, 3.25, 8, 3], "texture": "#0"},
				"down": {"uv": [10.75, 3.25, 8, 3.5], "texture": "#0"}
			}
		},
		{
			"from": [3, 7, 5],
			"to": [4, 9, 9],
			"faces": {
				"north": {"uv": [5, 0.75, 5.25, 1.25], "texture": "#0"},
				"east": {"uv": [3, 4.5, 4, 5], "texture": "#0"},
				"south": {"uv": [5, 3, 5.25, 3.5], "texture": "#0"},
				"west": {"uv": [4.75, 0.25, 5.75, 0.75], "texture": "#0"},
				"up": {"uv": [3.25, 6, 3, 5], "texture": "#0"},
				"down": {"uv": [3.5, 5, 3.25, 6], "texture": "#0"}
			}
		},
		{
			"from": [3, 9, 4],
			"to": [4, 10, 5],
			"faces": {
				"north": {"uv": [5, 1.75, 5.25, 2], "texture": "#0"},
				"east": {"uv": [5.25, 1.75, 5.5, 2], "texture": "#0"},
				"south": {"uv": [5.5, 0, 5.75, 0.25], "texture": "#0"},
				"west": {"uv": [5.5, 1.75, 5.75, 2], "texture": "#0"},
				"up": {"uv": [5.75, 3.25, 5.5, 3], "texture": "#0"},
				"down": {"uv": [5.75, 3.25, 5.5, 3.5], "texture": "#0"}
			}
		},
		{
			"from": [3, 6, 4],
			"to": [4, 7, 5],
			"faces": {
				"north": {"uv": [3.5, 5.5, 3.75, 5.75], "texture": "#0"},
				"east": {"uv": [3.75, 5.5, 4, 5.75], "texture": "#0"},
				"south": {"uv": [4, 5.5, 4.25, 5.75], "texture": "#0"},
				"west": {"uv": [4.25, 5.5, 4.5, 5.75], "texture": "#0"},
				"up": {"uv": [3.75, 6, 3.5, 5.75], "texture": "#0"},
				"down": {"uv": [4, 5.75, 3.75, 6], "texture": "#0"}
			}
		},
		{
			"from": [13, 7, 5],
			"to": [14, 9, 9],
			"faces": {
				"north": {"uv": [4.75, 0.75, 5, 1.25], "texture": "#0"},
				"east": {"uv": [1.25, 4.5, 2.25, 5], "texture": "#0"},
				"south": {"uv": [4.75, 3, 5, 3.5], "texture": "#0"},
				"west": {"uv": [4.5, 1.25, 5.5, 1.75], "texture": "#0"},
				"up": {"uv": [2.5, 5.5, 2.25, 4.5], "texture": "#0"},
				"down": {"uv": [4.5, 4.5, 4.25, 5.5], "texture": "#0"}
			}
		}
	],
	"display": {
		"ground": {
			"scale": [0.7, 0.7, 0.7]
		}
	}
}