{
	"texture_size": [32, 32],
	"textures": {
		"0": "block/ZakrafShield",
		"particle": "block/ZakrafShield"
	},
	"elements": [
		{
			"from": [7, 7, 5],
			"to": [9, 9, 6],
			"faces": {
				"north": {"uv": [10.5, 0, 11.5, 1], "texture": "#0"},
				"east": {"uv": [11, 9.5, 11.5, 10.5], "texture": "#0"},
				"south": {"uv": [10.5, 1, 11.5, 2], "texture": "#0"},
				"west": {"uv": [11, 10.5, 11.5, 11.5], "texture": "#0"},
				"up": {"uv": [12.5, 0.5, 11.5, 0], "texture": "#0"},
				"down": {"uv": [12.5, 0.5, 11.5, 1], "texture": "#0"}
			}
		},
		{
			"from": [6, 0, 7],
			"to": [10, 16, 8],
			"faces": {
				"north": {"uv": [0, 0, 2, 8], "texture": "#0"},
				"east": {"uv": [5.5, 7, 6, 15], "texture": "#0"},
				"south": {"uv": [2, 0, 4, 8], "texture": "#0"},
				"west": {"uv": [6, 7, 6.5, 15], "texture": "#0"},
				"up": {"uv": [12.5, 2.5, 10.5, 2], "texture": "#0"},
				"down": {"uv": [12.5, 2.5, 10.5, 3], "texture": "#0"}
			}
		},
		{
			"from": [3, 1, 7],
			"to": [6, 15, 8],
			"faces": {
				"north": {"uv": [4, 0, 5.5, 7], "texture": "#0"},
				"east": {"uv": [2, 8, 2.5, 15], "texture": "#0"},
				"south": {"uv": [5.5, 0, 7, 7], "texture": "#0"},
				"west": {"uv": [2.5, 8, 3, 15], "texture": "#0"},
				"up": {"uv": [12.5, 8.5, 11, 8], "texture": "#0"},
				"down": {"uv": [12.5, 8.5, 11, 9], "texture": "#0"}
			}
		},
		{
			"from": [10, 1, 7],
			"to": [13, 15, 8],
			"faces": {
				"north": {"uv": [7, 0, 8.5, 7], "texture": "#0"},
				"east": {"uv": [3, 8, 3.5, 15], "texture": "#0"},
				"south": {"uv": [4, 7, 5.5, 14], "texture": "#0"},
				"west": {"uv": [3.5, 8, 4, 15], "texture": "#0"},
				"up": {"uv": [12.5, 9.5, 11, 9], "texture": "#0"},
				"down": {"uv": [11, 11, 9.5, 11.5], "texture": "#0"}
			}
		},
		{
			"from": [13, 3, 7],
			"to": [14, 13, 8],
			"faces": {
				"north": {"uv": [8.5, 0, 9, 5], "texture": "#0"},
				"east": {"uv": [8.5, 5, 9, 10], "texture": "#0"},
				"south": {"uv": [9, 0, 9.5, 5], "texture": "#0"},
				"west": {"uv": [9, 5, 9.5, 10], "texture": "#0"},
				"up": {"uv": [12.5, 1.5, 12, 1], "texture": "#0"},
				"down": {"uv": [12.5, 1.5, 12, 2], "texture": "#0"}
			}
		},
		{
			"from": [2, 3, 7],
			"to": [3, 13, 8],
			"faces": {
				"north": {"uv": [6.5, 9, 7, 14], "texture": "#0"},
				"east": {"uv": [7, 9, 7.5, 14], "texture": "#0"},
				"south": {"uv": [7.5, 9, 8, 14], "texture": "#0"},
				"west": {"uv": [8, 9, 8.5, 14], "texture": "#0"},
				"up": {"uv": [12.5, 3.5, 12, 3], "texture": "#0"},
				"down": {"uv": [12.5, 3.5, 12, 4], "texture": "#0"}
			}
		},
		{
			"from": [1, 5, 7],
			"to": [2, 11, 8],
			"faces": {
				"north": {"uv": [9.5, 8, 10, 11], "texture": "#0"},
				"east": {"uv": [0, 10, 0.5, 13], "texture": "#0"},
				"south": {"uv": [0.5, 10, 1, 13], "texture": "#0"},
				"west": {"uv": [1, 10, 1.5, 13], "texture": "#0"},
				"up": {"uv": [12.5, 4.5, 12, 4], "texture": "#0"},
				"down": {"uv": [12.5, 4.5, 12, 5], "texture": "#0"}
			}
		},
		{
			"from": [14, 5, 7],
			"to": [15, 11, 8],
			"faces": {
				"north": {"uv": [1.5, 10, 2, 13], "texture": "#0"},
				"east": {"uv": [10, 8, 10.5, 11], "texture": "#0"},
				"south": {"uv": [8.5, 10, 9, 13], "texture": "#0"},
				"west": {"uv": [9, 10, 9.5, 13], "texture": "#0"},
				"up": {"uv": [12.5, 5.5, 12, 5], "texture": "#0"},
				"down": {"uv": [12.5, 5.5, 12, 6], "texture": "#0"}
			}
		},
		{
			"from": [15, 7, 7],
			"to": [16, 9, 8],
			"faces": {
				"north": {"uv": [11.5, 1, 12, 2], "texture": "#0"},
				"east": {"uv": [11.5, 3, 12, 4], "texture": "#0"},
				"south": {"uv": [11.5, 4, 12, 5], "texture": "#0"},
				"west": {"uv": [11.5, 5, 12, 6], "texture": "#0"},
				"up": {"uv": [12.5, 6.5, 12, 6], "texture": "#0"},
				"down": {"uv": [12.5, 6.5, 12, 7], "texture": "#0"}
			}
		},
		{
			"from": [0, 7, 7],
			"to": [1, 9, 8],
			"faces": {
				"north": {"uv": [11.5, 6, 12, 7], "texture": "#0"},
				"east": {"uv": [9.5, 11.5, 10, 12.5], "texture": "#0"},
				"south": {"uv": [11.5, 9.5, 12, 10.5], "texture": "#0"},
				"west": {"uv": [10, 11.5, 10.5, 12.5], "texture": "#0"},
				"up": {"uv": [12.5, 10, 12, 9.5], "texture": "#0"},
				"down": {"uv": [12.5, 10, 12, 10.5], "texture": "#0"}
			}
		},
		{
			"from": [6, 6, 8],
			"to": [7, 10, 10],
			"faces": {
				"north": {"uv": [10.5, 3, 11, 5], "texture": "#0"},
				"east": {"uv": [9.5, 0, 10.5, 2], "texture": "#0"},
				"south": {"uv": [10.5, 5, 11, 7], "texture": "#0"},
				"west": {"uv": [9.5, 2, 10.5, 4], "texture": "#0"},
				"up": {"uv": [11, 12.5, 10.5, 11.5], "texture": "#0"},
				"down": {"uv": [12, 10.5, 11.5, 11.5], "texture": "#0"}
			}
		},
		{
			"from": [9, 6, 8],
			"to": [10, 10, 10],
			"faces": {
				"north": {"uv": [10.5, 7, 11, 9], "texture": "#0"},
				"east": {"uv": [9.5, 4, 10.5, 6], "texture": "#0"},
				"south": {"uv": [10.5, 9, 11, 11], "texture": "#0"},
				"west": {"uv": [9.5, 6, 10.5, 8], "texture": "#0"},
				"up": {"uv": [11.5, 12.5, 11, 11.5], "texture": "#0"},
				"down": {"uv": [12, 11.5, 11.5, 12.5], "texture": "#0"}
			}
		},
		{
			"from": [6, 6, 6],
			"to": [10, 10, 7],
			"faces": {
				"north": {"uv": [6.5, 7, 8.5, 9], "texture": "#0"},
				"east": {"uv": [11, 3, 11.5, 5], "texture": "#0"},
				"south": {"uv": [0, 8, 2, 10], "texture": "#0"},
				"west": {"uv": [11, 5, 11.5, 7], "texture": "#0"},
				"up": {"uv": [13, 7.5, 11, 7], "texture": "#0"},
				"down": {"uv": [13, 7.5, 11, 8], "texture": "#0"}
			}
		}
	],
 "display": {
 "thirdperson_righthand": {
 "rotation": [ 0, -90, 0 ],
 "translation": [ 4, 0, 2.7826 ],
 "scale": [ 1.5, 1.5, 1.5 ]
 },
 "thirdperson_lefthand": {
 "rotation": [ 0, -90, 0 ],
 "translation": [ 4, -2.304, 2.7826 ],
 "scale": [ 1.5, 1.5, 1.5 ]
 },
 "firstperson_righthand": {
 "translation": [ -4.173, -0.695, 0 ],
 "scale": [ 1.5, 1.5, 1.5 ]
 },
 "firstperson_lefthand": {
 "translation": [ -4.173, -0.695, 0 ],
 "scale": [ 1.5, 1.5, 1.5 ]
 },
 "gui": {
 "rotation": [ 0, 180, 0 ]
 },
 "head": {
 "rotation": [ -90, 180, 0 ],
 "translation": [ 0, 10.434, 0 ],
 "scale": [ 2.5, 2.5, 2.5 ]
 },
 "ground": {
 "rotation": [ 90, 0, 0 ],
 "scale": [ 2, 2, 2 ]
 },
 "fixed": {
 "translation": [ 0, 0, -3.478 ],
 "scale": [ 3, 3, 3 ]
 }
 }
}