{
    "model": {
        "type": "select",
        "property": "custom_model_data",
        "fallback": {
            "type": "minecraft:model",
            "model": "minecraft:item/enchanted_book"
        },
        "cases": [
             {
                "when": "100001",
                "model": {
                    "type": "model",
                    "model": "custom_enchants:item/enchanted_book_custom_enchant"
                }
            },
            {
                "when": "101001",
                "model": {
                    "type": "model",
                    "model": "custom_enchants:item/enchanted_book_armor"
                }
            },
            {
                "when": "102001",
                "model": {
                    "type": "model",
                    "model": "custom_enchants:item/enchanted_book_bow"
                }
            },
            {
                "when": "103001",
                "model": {
                    "type": "model",
                    "model": "custom_enchants:item/enchanted_book_generic"
                }
            },
            {
                "when": "104001",
                "model": {
                    "type": "model",
                    "model": "custom_enchants:item/enchanted_book_magic"
                }
            },
            {
                "when": "105001",
                "model": {
                    "type": "model",
                    "model": "custom_enchants:item/enchanted_book_shield"
                }
            },
            {
                "when": "106001",
                "model": {
                    "type": "model",
                    "model": "custom_enchants:item/enchanted_book_sword"
                }
            },
            {
                "when": "107001",
                "model": {
                    "type": "model",
                    "model": "custom_enchants:item/enchanted_book_tool"
                }
            },
            {
                "when": "108001",
                "model": {
                    "type": "model",
                    "model": "custom_enchants:item/enchanted_book_trident"
                }
            },
            {
                "when": "201001",
                "model": {
                    "type": "model",
                    "model": "custom_enchants:item/enchanted_book_mace"
                }
            },
            {
                "when": "202001",
                "model": {
                    "type": "model",
                    "model": "custom_enchants:item/enchanted_book_spear"
                }
            }
        ]
    }
}