{
	"parent": "minecraft:item/handheld",
	"textures": {
		"layer0": "minecraft:item/enchanted_book"
	},
	"display": {
        "thirdperson_righthand": {
            "scale": [ 0.8, 0.8, 0.8 ]
        },
        "thirdperson_lefthand": {
            "scale": [ 0.8, 0.8, 0.8 ]
        },
        "firstperson_righthand": {
            "scale": [ 0.8, 0.8, 0.8 ]
        },
        "firstperson_lefthand": {
            "scale": [ 0.8, 0.8, 0.8 ]
        }
    },
	
	"overrides": [
		{"predicate": {"custom_model_data":100001}, "model": "minecraft:item/enchanted_book/100001"},
		{"predicate": {"custom_model_data":101001}, "model": "item/enchanted_book/101001"},
		{"predicate": {"custom_model_data":102001}, "model": "item/enchanted_book/102001"},
		{"predicate": {"custom_model_data":103001}, "model": "item/enchanted_book/103001"},
		{"predicate": {"custom_model_data":104001}, "model": "item/enchanted_book/104001"},
		{"predicate": {"custom_model_data":105001}, "model": "item/enchanted_book/105001"},
		{"predicate": {"custom_model_data":106001}, "model": "item/enchanted_book/106001"},
		{"predicate": {"custom_model_data":107001}, "model": "item/enchanted_book/107001"},
		{"predicate": {"custom_model_data":108001}, "model": "item/enchanted_book/108001"}
	]
}